UC1: Ability to create a payroll service database
-------------------------------------------------------------------------------------------------
mysql> create database Payroll_Service;
Query OK, 1 row affected (0.27 sec)

mysql> show databases;
+---------------------+
| Database            |
+---------------------+
| addressbook_service |
| college             |
| information_schema  |
| mysql               |
| payroll_service     |
| performance_schema  |
| sys                 |
+---------------------+
7 rows in set (0.13 sec)
---------------------------------------------------------------------------------------------------
UC2 :Ability to create a employee payroll table in the payroll
     service database to manage employee payrolls.
---------------------------------------------------------------------------------------------------
mysql>  use Payroll_Service;
Database changed
mysql> create table Employee_Payroll(
    -> id INT unsigned NOT NULL AUTO_INCREMENT,
    -> name VARCHAR(15) NOT NULL,
    -> salary Double NOT NULL,
    -> start DATE NOT NULL,
    -> PRIMARY KEY(id));
Query OK, 0 rows affected (0.38 sec)

mysql>  show tables;
+---------------------------+
| Tables_in_payroll_service |
+---------------------------+
| employee_payroll          |
+---------------------------+
1 row in set (0.08 sec)

mysql>  desc Employee_Payroll;
+--------+--------------+------+-----+---------+----------------+
| Field  | Type         | Null | Key | Default | Extra          |
+--------+--------------+------+-----+---------+----------------+
| id     | int unsigned | NO   | PRI | NULL    | auto_increment |
| name   | varchar(15)  | NO   |     | NULL    |                |
| salary | double       | NO   |     | NULL    |                |
| start  | date         | NO   |     | NULL    |                |
+--------+--------------+------+-----+---------+----------------+
4 rows in set (0.03 sec)
------------------------------------------------------------------------------------------------------

UC3 :Ability to create employee payroll data in the payroll
     service database as part of CRUD Operation - Use payroll_service database.
------------------------------------------------------------------------------------------------------

mysql> insert into Employee_Payroll(name,salary,start)values
    -> ('Shiwani',30000.00,'2018-07-18'),
    -> ('Nirmala',28000.00,'2020-02-12'),
    ->  ('Rashmi',32000.00,'2017-08-15');
Query OK, 3 rows affected (0.25 sec)
Records: 3  Duplicates: 0  Warnings: 0

mysql> select * from Employee_Payroll;
+----+---------+--------+------------+
| id | name    | salary | start      |
+----+---------+--------+------------+
|  1 | Shiwani |  30000 | 2018-07-18 |
|  2 | Nirmala |  28000 | 2020-02-12 |
|  3 | Rashmi  |  32000 | 2017-08-15 |
+----+---------+--------+------------+
3 rows in set (0.03 sec)
--------------------------------------------------------------------------------------------------------
UC4 :Ability to retrieve all the employee payroll data that is added to payroll service database
---------------------------------------------------------------------------------------------------------
mysql> select * from Employee_Payroll;
+----+---------+--------+------------+
| id | name    | salary | start      |
+----+---------+--------+------------+
|  1 | Shiwani |  30000 | 2018-07-18 |
|  2 | Nirmala |  28000 | 2020-02-12 |
|  3 | Rashmi  |  32000 | 2017-08-15 |
+----+---------+--------+------------+
3 rows in set (0.15 sec)
----------------------------------------------------------------------------------------------------------
UC5 :Ability to retrieve salary data for a particular employee as well as all employees who have
     joined in a particular data range from the payroll service database.
----------------------------------------------------------------------------------------------------------
mysql> select * from Employee_Payroll where name = 'Shiwani';
+----+---------+--------+------------+
| id | name    | salary | start      |
+----+---------+--------+------------+
|  1 | Shiwani |  30000 | 2018-07-18 |
+----+---------+--------+------------+
1 row in set (0.08 sec)

mysql> select * from Employee_Payroll where start between cast('2018-01-01' as DATE) and DATE(NOW());
+----+---------+--------+------------+
| id | name    | salary | start      |
+----+---------+--------+------------+
|  1 | Shiwani |  30000 | 2018-07-18 |
|  2 | Nirmala |  28000 | 2020-02-12 |
+----+---------+--------+------------+
2 rows in set (0.02 sec)
---------------------------------------------------------------------------------------------------------

UC6 :Ability to add Gender to Employee Payroll Table and Update the Rows to reflect the correct Employee Gender.
---------------------------------------------------------------------------------------------------------
mysql> insert into Employee_Payroll(name,salary,start)values
    ->  ('Ram',33000.00,'2017-08-17');
Query OK, 1 row affected (0.03 sec)

mysql>  select * from Employee_Payroll;
+----+---------+--------+--------+------------+
| id | name    | gender | salary | start      |
+----+---------+--------+--------+------------+
|  1 | Shiwani | NULL   |  30000 | 2018-07-18 |
|  2 | Nirmala | NULL   |  28000 | 2020-02-12 |
|  3 | Rashmi  | NULL   |  32000 | 2017-08-15 |
|  4 | Ram     | NULL   |  33000 | 2017-08-17 |
+----+---------+--------+--------+------------+
4 rows in set (0.01 sec)

mysql> alter table Employee_Payroll add gender VARCHAR(6) after name;
Query OK, 0 rows affected (0.38 sec)
Records: 0  Duplicates: 0  Warnings: 0

mysql>  update Employee_Payroll set gender = 'Female' where name = 'Shiwani' or name = 'Rashmi' or name = 'Nirmala';
Query OK, 3 rows affected (0.02 sec)
Rows matched: 3  Changed: 3  Warnings: 0

mysql> update Employee_Payroll set gender = 'Male' where  name = 'Ram';
Query OK, 1 row affected (0.00 sec)
Rows matched: 1  Changed: 1  Warnings: 0

mysql>  select * from Employee_Payroll;
+----+---------+--------+--------+------------+
| id | name    | gender | salary | start      |
+----+---------+--------+--------+------------+
|  1 | Shiwani | Female |  30000 | 2018-07-18 |
|  2 | Nirmala | Female |  28000 | 2020-02-12 |
|  3 | Rashmi  | Female |  32000 | 2017-08-15 |
|  4 | Ram     | Male   |  33000 | 2017-08-17 |
+----+---------+--------+--------+------------+
4 rows in set (0.00 sec)
--------------------------------------------------------------------------------------------------------------
UC7 :Ability to find sum, average, min, max and number of male and female employees.
---------------------------------------------------------------------------------------------------------------
mysql> select SUM(salary) from Employee_Payroll
    ->  where gender = 'Female' GROUP BY gender;
+-------------+
| SUM(salary) |
+-------------+
|       90000 |
+-------------+
1 row in set (0.16 sec)

mysql> select SUM(salary) from Employee_Payroll
    -> where gender = 'Male' GROUP BY gender;
+-------------+
| SUM(salary) |
+-------------+
|       33000 |
+-------------+
1 row in set (0.01 sec)

mysql> select AVG(salary) from Employee_Payroll
    -> GROUP BY gender;
+-------------+
| AVG(salary) |
+-------------+
|       30000 |
|       33000 |
+-------------+
2 rows in set (0.02 sec)

mysql> select MIN(salary) from Employee_Payroll GROUP BY gender;
+-------------+
| MIN(salary) |
+-------------+
|       28000 |
|       33000 |
+-------------+
2 rows in set (0.01 sec)

mysql> select MAX(salary) from Employee_Payroll GROUP BY gender;
+-------------+
| MAX(salary) |
+-------------+
|       32000 |
|       33000 |
+-------------+
2 rows in set (0.00 sec)

mysql> select COUNT(id) from Employee_Payroll GROUP BY gender;
+-----------+
| COUNT(id) |
+-----------+
|         3 |
|         1 |
+-----------+
2 rows in set (0.01 sec)
--------------------------------------------------------------------------------------------------------------
UC8 :Ability to extend employee_payroll data to store employee information like employee phone, address and
     department - Ensure employee department is non nullable fields.
     - Add Default Value for address field.
-----------------------------------------------------------------------------------------------------------------
mysql>  select * from Employee_Payroll;
+----+---------+--------+--------+------------+
| id | name    | gender | salary | start      |
+----+---------+--------+--------+------------+
|  1 | Shiwani | Female |  30000 | 2018-07-18 |
|  2 | Nirmala | Female |  28000 | 2020-02-12 |
|  3 | Rashmi  | Female |  32000 | 2017-08-15 |
|  4 | Ram     | Male   |  33000 | 2017-08-17 |
+----+---------+--------+--------+------------+
4 rows in set (0.01 sec)

mysql>  alter table employee_payroll
    ->  add phoneNumber INT(10) after name;
Query OK, 0 rows affected, 1 warning (0.36 sec)
Records: 0  Duplicates: 0  Warnings: 1

mysql> alter table employee_payroll
    ->  add address Varchar(20) NOT NULL after PhoneNumber;
Query OK, 0 rows affected (0.04 sec)
Records: 0  Duplicates: 0  Warnings: 0

mysql> alter table employee_payroll
    ->  add department Varchar(20) NOT NULL after Address;
Query OK, 0 rows affected (0.04 sec)
Records: 0  Duplicates: 0  Warnings: 0

mysql> alter table employee_payroll
    -> alter address SET DEFAULT 'Umred';
Query OK, 0 rows affected (0.04 sec)
Records: 0  Duplicates: 0  Warnings: 0

mysql> describe employee_payroll;
+-------------+--------------+------+-----+---------+----------------+
| Field       | Type         | Null | Key | Default | Extra          |
+-------------+--------------+------+-----+---------+----------------+
| id          | int unsigned | NO   | PRI | NULL    | auto_increment |
| name        | varchar(15)  | NO   |     | NULL    |                |
| phoneNumber | int          | YES  |     | NULL    |                |
| address     | varchar(20)  | NO   |     | Umred   |                |
| department  | varchar(20)  | NO   |     | NULL    |                |
| gender      | varchar(6)   | YES  |     | NULL    |                |
| salary      | double       | NO   |     | NULL    |                |
| start       | date         | NO   |     | NULL    |                |
+-------------+--------------+------+-----+---------+----------------+
8 rows in set (0.05 sec)

mysql>  select * from Employee_Payroll;
+----+---------+-------------+---------+------------+--------+--------+------------+
| id | name    | phoneNumber | address | department | gender | salary | start      |
+----+---------+-------------+---------+------------+--------+--------+------------+
|  1 | Shiwani |        NULL |         |            | Female |  30000 | 2018-07-18 |
|  2 | Nirmala |        NULL |         |            | Female |  28000 | 2020-02-12 |
|  3 | Rashmi  |        NULL |         |            | Female |  32000 | 2017-08-15 |
|  4 | Ram     |        NULL |         |            | Male   |  33000 | 2017-08-17 |
+----+---------+-------------+---------+------------+--------+--------+------------+
4 rows in set (0.00 sec)
mysql> alter table employee_payroll
    ->  modify phonenumber
    -> Varchar(20);
Query OK, 4 rows affected (0.43 sec)
Records: 4  Duplicates: 0  Warnings: 0
mysql> update employee_payroll set phonenumber = '8908641811'
    ->  where name = 'Shiwani';
Query OK, 1 row affected (0.03 sec)
Rows matched: 1  Changed: 1  Warnings: 0

mysql>  update employee_payroll set phonenumber = '7008458748'
    ->  where name = 'Nirmala';
Query OK, 1 row affected (0.01 sec)
Rows matched: 1  Changed: 1  Warnings: 0

mysql>  update employee_payroll set phonenumber = '8168458748'
    ->  where name = 'Rashmi';
Query OK, 1 row affected (0.01 sec)
Rows matched: 1  Changed: 1  Warnings: 0

mysql>  update employee_payroll set phonenumber = '8978458748'
    ->  where name = 'Ram';
Query OK, 1 row affected (0.01 sec)
Rows matched: 1  Changed: 1  Warnings: 0

mysql>  select * from Employee_Payroll;
+----+---------+-------------+---------+------------+--------+--------+------------+
| id | name    | phonenumber | address | department | gender | salary | start      |
+----+---------+-------------+---------+------------+--------+--------+------------+
|  1 | Shiwani | 8908641811  |         |            | Female |  30000 | 2018-07-18 |
|  2 | Nirmala | 7008458748  |         |            | Female |  28000 | 2020-02-12 |
|  3 | Rashmi  | 8168458748  |         |            | Female |  32000 | 2017-08-15 |
|  4 | Ram     | 8978458748  |         |            | Male   |  33000 | 2017-08-17 |
+----+---------+-------------+---------+------------+--------+--------+------------+
4 rows in set (0.00 sec)
mysql> update employee_payroll set address = 'Umred'
    ->  where name = 'Rashmi' or name = 'Shiwani' or name = 'Nirmala' or name = 'Ram';
Query OK, 4 rows affected (0.01 sec)
Rows matched: 4  Changed: 4  Warnings: 0

mysql>  select * from Employee_Payroll;
+----+---------+-------------+---------+------------+--------+--------+------------+
| id | name    | phonenumber | address | department | gender | salary | start      |
+----+---------+-------------+---------+------------+--------+--------+------------+
|  1 | Shiwani | 8908641811  | Umred   |            | Female |  30000 | 2018-07-18 |
|  2 | Nirmala | 7008458748  | Umred   |            | Female |  28000 | 2020-02-12 |
|  3 | Rashmi  | 8168458748  | Umred   |            | Female |  32000 | 2017-08-15 |
|  4 | Ram     | 8978458748  | Umred   |            | Male   |  33000 | 2017-08-17 |
+----+---------+-------------+---------+------------+--------+--------+------------+
4 rows in set (0.00 sec)

mysql>  update employee_payroll set department = 'Devloper'
    ->  where name = 'Shiwani';
Query OK, 1 row affected (0.01 sec)
Rows matched: 1  Changed: 1  Warnings: 0

mysql>  update employee_payroll set department = 'Testing'
    ->  where name = 'Nirmala';
Query OK, 1 row affected (0.01 sec)
Rows matched: 1  Changed: 1  Warnings: 0

mysql>  update employee_payroll set department = 'Production'
    ->  where name = 'Rashmi';
Query OK, 1 row affected (0.01 sec)
Rows matched: 1  Changed: 1  Warnings: 0

mysql>  update employee_payroll set department = 'Design'
    ->  where name = 'Ram';
Query OK, 1 row affected (0.01 sec)
Rows matched: 1  Changed: 1  Warnings: 0

mysql>  select * from Employee_Payroll;
+----+---------+-------------+---------+------------+--------+--------+------------+
| id | name    | phonenumber | address | department | gender | salary | start      |
+----+---------+-------------+---------+------------+--------+--------+------------+
|  1 | Shiwani | 8908641811  | Umred   | Devloper   | Female |  30000 | 2018-07-18 |
|  2 | Nirmala | 7008458748  | Umred   | Testing    | Female |  28000 | 2020-02-12 |
|  3 | Rashmi  | 8168458748  | Umred   | Production | Female |  32000 | 2017-08-15 |
|  4 | Ram     | 8978458748  | Umred   | Design     | Male   |  33000 | 2017-08-17 |
+----+---------+-------------+---------+------------+--------+--------+------------+
4 rows in set (0.00 sec)